<?xml version="1.0" encoding="UTF-8"?>
<addon id="repository.plugin.video.skipintro" 
       name="Skip Intro Repository" 
       version="1.3.8" 
       provider-name="Amgad Abdelhafez">
    <extension point="xbmc.addon.repository" name="Skip Intro Repository">
        <info compressed="false">https://github.com/amgadabdelhafez/plugin.video.skipintro/raw/main/repository.xml</info>
        <checksum>https://github.com/amgadabdelhafez/plugin.video.skipintro/raw/main/repository.md5</checksum>
        <datadir zip="true">https://github.com/amgadabdelhafez/plugin.video.skipintro/raw/main/</datadir>
        <assets>
            <icon>https://github.com/amgadabdelhafez/plugin.video.skipintro/raw/main/icon.png</icon>
            <fanart>https://github.com/amgadabdelhafez/plugin.video.skipintro/raw/main/fanart.jpg</fanart>
        </assets>
    </extension>
    <extension point="xbmc.addon.metadata">
        <summary lang="en">Repository for Skip Intro Addon</summary>
        <description lang="en">This repository provides updates for the Skip Intro Addon.</description>
        <platform>all</platform>
    </extension>
</addon>
